Organization|Mission Statement|Category|City|Volunteer Opportunities|Address|Phone Number|E-mail|Website|Notes||||||||||||||||
Arte Sana |To end sexual violence and other forms of gender-based aggression; to engage marginalized communities as agents of change; and to promote capacity building, awareness, healing, and empowerment through bilingual professional training, community education, and the arts.|Abuse|.|Translate documents (primarily English to Spanish); Develop culturally competent and linguistically appropriate materials for victim services groups|"P.O. Box 1334,
Dripping, Springs, TX, 78620"|None provided|artesanando@yahoo.com|www.arte-sana.com|.||||||||||||||||
Casa Marianella |To provide temporary shelter, food, and full supportive services to homeless immigrants.|Abuse|.|Help cook dinner with Casa staff and residents; Administrative support (answer calls, address resident and community needs, and perform general office duties)|"821 Gunter Street,
Austin, TX, 78702"|(512) 385-5571|jlong@casamarianella.org`volunteer@casamarianella.org |www.casamarianella.org|Suggest adding an entry for Posada Esperanza, the sister shelter to Casa Marianella (or making a combined entry for both shelters)||||||||||||||||
Center for Child Protection |To reduce the trauma for children during the investigation and prosecution of crimes against children.|Abuse|.|Provide support during the child abuse investigation process; Assist with marketing and fundraising; Grant writing assistance; Help with donation drives; Shop for supplies needed by families in crisis; Assist with Center upkeep; Internship opportunities|"8509 FM 969 Bldg 2,
Austin, TX, 78724 "|(512) 472-1164|awest@centerforchildprotection.org|www.centerforchildprotection.org|.||||||||||||||||
Children's Advocacy Centers of Texas |To restore the lives of abused children by supporting children�s advocacy centers (CACs) in partnership with local communities and agencies investigating and prosecuting child abuse.|Abuse|.|None provided|"1501 W. Anderson Lane Building B-1,
Austin, TX, 78757 "|(512) 258-9920 |info@cactx.org|www.cactx.org|.||||||||||||||||
Helping Hand Home for Children |To provide a nurturing and therapeutic home for children and to restore each child to a healthy family setting.|Abuse|.|Assist children with schoolwork; Facilitate events and activities; Play with children after school and on weekends; Assist with dinner and bedtime routines; Organize and/or assist with donation drives; Help maintain the home|"3804 Avenue B,
Austin, TX, 78751"|Volunteer & Enrichment Manager (512) 600-7898`General inquiries (512) 459-3353 |jreardon@helpinghandhome.org|www.helpinghandhome.org|.||||||||||||||||
The Linus Connection |To provide a handmade security blanket to every child who is in a crisis or at-risk situation in Central Texas.|Abuse|.|Make quilts and knitted or crocheted blankets; Deliver blankets; Sew on labels at monthly meetings; Additional volunteer opportunities |"P.O. Box 29491,
Austin, Texas, 78755"|.|thelinusconnection@yahoo.com|www.thelinusconnection.org|.||||||||||||||||
Prevent Child Abuse Texas |To prevent child abuse and neglect in all its forms throughout Texas and to change the way society values and supports the well-being of children and families.|Abuse|.|Serve as a legislative advocate by tracking legislation and researching issues; Assist with public awareness/community outreach campaigns; Provide aministrative support; Assist with fundraising efforts; Volunteer at special events and conferences|"P.O. Box 820383,
North Richland Hills, TX, 76182"|.|pcatx@preventchildabusetexas.org|www.preventchildabusetexas.org|Appears to be both a state-wide organization and an abuse treatment center in Austin. Uncertain of the connection; the two have the same website but different addresses and contact info. Address found through Guidestar; not available on org's website.||||||||||||||||
SafePlace (now called The SAFE Alliance)|To lead in ending sexual assault and exploitation, child abuse, and domestic violence through prevention, intervention, and advocacy for change.|Abuse|.|Offer support during sexual assault forensic exams, in court, and at the shelter; Work with children and youth; Help at fundraising events/during the holidays; Host activities and life-skills workshops; Assist with community outreach and awareness-raising |"P.O. Box 19454,
Austin, TX, 78760 "|(512) 267-7233|SAFEvolunteer@safeaustin.org`info@safeaustin.org|www.safeaustin.org|Has merged with Austin Children's Shelter to become The SAFE Alliance||||||||||||||||
SAHELI (now called Asian Family Support Services of Austin, or AFSSA)|To promote abuse-free Asian communities through advocacy, support, awareness, and access to social services.|Abuse|.|Offer peer counseling, crisis intervention, and overall support to survivors; Staff telephone helpline; Interpret/translate for clients; Assist with community education/outreach and awareness-raising; Facilitate life-skills workshops; Research information for AFSSA publications; Provide professional assistance such as legal aid or graphic/web design services |"P.O. Box 14234,
Austin, TX, 78761"|Volunteer Program: (512) 949-5948`Local Administrative Office: (512) 358-6318|volunteer@afssaustin.org`info@afssaustin.org|www.afssaustin.org|.||||||||||||||||
Settlement Home for Children |To promote healing and growth in children, young adults, and families by providing a continuum of care, support, and resources. We serve individuals who have experienced severe emotional trauma, abuse, and neglect.|Abuse|.|Mentor residents; Lead daily activities for residents; Provide academic help to students in our on-campus school; Coordinate and supervise group activities for residents; Lead special-interest classes (music, recreation, etc.); Help with special events (holidays, garage sale, etc.) |"1600 Payton Gin Road,
Austin, Texas, 78758"|(512) 836-2150|info@settlementhome.org`volunteers@settlementhome.org|www.settlementhome.org|.||||||||||||||||
Texas Advocacy Project|To prevent domestic and dating violence, sexual assault, and stalking throughout Texas by providing free legal services, access to the justice system, and education.|Abuse|.|Provide clerical assistance; Help plan and execute special events and donation drives; Assist with fundraising, awareness-raising, and community outreach; Internships available to law students|.,.,.,0|(512) 476-5377|dbeirne@texasadvocacyproject.org|www.texasadvocacyproject.org|No address provided (possibly for security reasons)||||||||||||||||
Texas Association Against Sexual Assault (TAASA)|To serve as the unifying voice for the elimination of sexual violence in Texas. As the statewide coalition of rape crisis centers, advocates, and survivors, we are committed to fostering a culture that respects the fundamental rights and dignity of all Texans.|Abuse|.|"Participate in statewide projects; Help with awareness-raising and community outreach
"|"6200 La Calma Drive Suite 110,
Austin, TX, 78752"|(512) 474-7190|info@taasa.org|www.taasa.org|No stated volunteer opportunities; I came up with these based on info on the website||||||||||||||||
Texas Council on Family Violence |To promote safe and healthy relationships by supporting service providers, facilitating strategic prevention efforts, and creating opportunities for freedom from domestic violence.|Abuse|.|None provided|"PO Box 163865,
Austin, TX, 78716`912 S Capital of Texas Hwy Suite 340,
Austin, TX, 78746"|(512) 794-1133|None provided|www.tcfv.org|.||||||||||||||||
American Civil Liberties Union|to defend and preserve the individual rights and liberties guaranteed by the Constitution and laws of the United States.|Activism/Public Policy|.|Volunteer sign-up form: https://action.aclu.org/volunteer/get-engaged-your-community-0 |"125 Broad Street 18th Floor,
New York, NY, 10004`P.O. Box 12905,
Austin, TX, 78711-2905"|"Main organization: (212) 549-2500`ACLU of Texas Austin Office:
(512) 478-7300"|ACLU of Texas: acluinfo@aclutx.org|www.aclu.org|"First address is the main office in NY. Second is mailing address for TX Chapter
"||||||||||||||||
Center for Public Policy Priorities|To use data and analysis to advocate for solutions that enable Texans of all backgrounds to reach their full potential. To dare Texas to be the best state for hard-working people and their families. |Activism/Public Policy|.|Internships |"7020 Easy Wind Drive Suite 200,
Austin, TX, 78752
"|(512) 320-0222|davidson@cppp.org|www.cppp.org |.||||||||||||||||
Envision Central Texas|.|Activism/Public Policy|.|.|.,.,.,0|.|.|.|Appears non-active. Website down and phone number not working.||||||||||||||||
Grassroots Leadership|To work for a more just society where prison profiteering, mass incarceration, deportation, and criminalization are things of the past.|Activism/Public Policy|.|"Internships; Volunteer sign-up form: http://grassrootsleadership.org/volunteer-sign-form

"|"2301 East Cesar Chavez Street,
Austin, TX, 78702"|(512) 499-8111|mdorta@grassrootsleadership.org|www.grassrootsleadership.org|.||||||||||||||||
Gray Panthers|.|Activism/Public Policy|.|.|.,.,.,0|.|.|.|Appears non-active. Website down and phone number not working.||||||||||||||||
League of Women Voters of Texas|To empower voters and to create a democracy where every person has the desire, the right, the knowledge, and the confidence to participate. We believe in the power of women to create a more perfect democracy.|Activism/Public Policy|.|Register and educate voters; Fundraise; Build community relations; Manage office tasks; Research issues; Observe local governmental activities; Prepare and help with events|"1212 Guadalupe Street #107,
Austin, TX, 78701"|(512) 472-1100|lwvtexas@lwvtexas.org|"www.lwvtexas.org
"|.||||||||||||||||
Liveable City|To promote and protect the long-term social, environmental, and economic well-being of all Austin residents.|Activism/Public Policy|.|None provided|.,.,.,0|None provided|None provided|www.liveablecity.org|Possibly non-active, though website may be being updated. Phone number not working. ||||||||||||||||
Mothers Against Drunk Driving| To end drunk driving, help fight drugged driving, support the victims of these violent crimes, and prevent underage drinking.|Activism/Public Policy|.|Provide emotional support for drunk driving victims and their families; Provide court system support; Monitor court cases and report outcomes; Fundraise and provide office support; Conduct community outreach and education |"3910 S IH 35 Frontage Rd #225,
Austin, TX, 78704"|(512) 445-4976|tx.state@madd.org|www.madd.org/tx|.||||||||||||||||
Public Citizen|To fight for openness and democratic accountability in government; for the right of consumers to seek redress in the courts; for clean, safe, and sustainable energy sources; for social and economic justice in trade policies; for strong health, safety, and environmental protections; and for safe, effective, and affordable prescription drugs and health care.|Activism/Public Policy|.|Join a campaign |"309 East 11th St. Suite 2,
Austin, Texas, 78701"| (512) 477-1155|texasfeedback@citizen.org|www.citizen.org/texas|.||||||||||||||||
Texans for Peace|"To serve as a central source for information about peace and justice organizations and events across Texas, to provide curriculum and teacher-training materials for school nonviolence throughout the state, and to represent Texas throughout the U.S. and the world as ""peace ambassadors."" "|Activism/Public Policy|.|None provided|"11900 Metric Blvd. Ste. J-163,
Austin, TX, 78758"|(512) 736-8385 |info@texansforpeace.org|"www.texansforpeace.org
"|Possibly non-active; website is not up-to-date||||||||||||||||
Texas Fair Trade Coalition |To educate Texans about the impact of trade on their lives and on the world around them; to turn the growing awareness of the dangers of corporate-led globalization into action for change; and to support trade reform that is fair to workers, the environment, family farmers, and public health, here and around the world.|Activism/Public Policy|.|Lobby; Research issues; Volunteer at events|.,.,.,0|(512) 912-6630|bobcash@citizenstrade.org|www.citizenstrade.org/ctc/texas/|Not much going on with this one; I suggest replacing this org with its parent group, the Citizens Trade Campaign||||||||||||||||
Texas Freedom Network|To advance a mainstream agenda of religious freedom and individual liberties; to monitor far-right issues, organizations, money, and leaders; to support public education; and to fight private school vouchers, textbook censorship, and faith-based deregulation.|Activism/Public Policy|.|Provide help with mailings, event planning, direct lobbying, and community outreach|"P.O. Box 1624,
Austin, Texas, 78767"|(512) 322-0545|tfn@tfn.org|www.tfn.org|.||||||||||||||||
"Texas NOW (National Organization for
Women)"|To eliminate discrimination and harassment in the workplace, schools, the justice system, and all other sectors of society; to secure abortion, birth control, and reproductive justice for all women; to end all forms of violence against women; to eradicate racism, sexism, and homophobia; and to promote equality and justice in our society.|Activism/Public Policy|.|None provided|.,.,.,0|None provided|austinareanow@gmail.com|www.nowaustin.org|.||||||||||||||||
Texas Public Interest Research Group |To deliver persistent, result-oriented public interest activism that protects consumers; encourages a fair, sustainable economy; and fosters responsive, democratic government.|Activism/Public Policy|.|Canvassing; Policy research; Fundraising; Administrative tasks; Internships|"815 Brazos Street Ste. 600,
Austin, TX, 78701 "|(512) 610-0085|"bscoggin@texpirg.org
"|www.texpirg.org/home|.||||||||||||||||
Third Coast Activist Resource Center|To help people in the Austin area in their efforts at organizing for social justice and ecological sustainability by distributing educational resources, organizing community events, and strengthening the local activist network that is part of a national and international movement for global justice.|Activism/Public Policy|.|None provided|.,.,.,0|None provided|pat@thirdcoastactivist.org|www.thirdcoastactivist.org|May not be active ||||||||||||||||
Animal Trustees of Austin|.|Animals|.|.|.,.,.,0|.|.|.|Merged with Emancipet||||||||||||||||
Austin Animal Center|To provide a safety net and placement services for lost and homeless animals in the community; to enforce animal regulations and assist the public with animal-related concerns in order to protect citizens and animals in our community; to provide animal services and education to the public in order to prevent animal homelessness and promote humane, compassionate treatment of animals and responsible pet ownership. Austin Animal Center is a no-kill shelter. |Animals|.|Exercise and care for dogs and cats; Help prospective pet-owners through the adoption process; Greet shelter visitors and answer questions|"7201 Levander Loop Bldg. A,
Austin, TX, 78702"|(512) 974-2000|animal.customerservice@austintexas.gov|www.austintexas.gov/department/aac|.||||||||||||||||
"Austin Dog Rescue
"|To save dogs from shelters, place dogs in loving homes, and promote responsible pet ownership.|Animals|.|"Foster a dog;
Work as an intake coordinator, veterinary
assistant, or post-adoption specialist "|.,.,.,0|None provided|None provided|www.austindog.org|.||||||||||||||||
Austin Humane Society|To provide life-saving programs that find animals homes, serve animals and people in times of crisis, prevent future homelessness through spay and neuter, and educate the community about responsible pet ownership.|Animals|.|Work with cats and dogs to keep them happy, healthy, and well-socialized during their stay at AHS and help them get adopted into loving homes; Assist potential adopters as needed|"124 W. Anderson Lane,
Austin, TX, 78752"|(512) 646-7387|volunteercoordinator@austinhumanesociety.org|www.austinhumanesociety.org|.||||||||||||||||
Austin Pets Alive|To provide the resources, education, and programs needed to eliminate the killing of companion animals, especially medically and behaviorally fragile pets that would not otherwise be saved.|Animals|.|Work in the APA thrift store; Foster animals; Provide care and attention to shelter animals; Help train and socialize shelter animals; Help advertise animals up for adoption; Work in the APA clinic (training required); Provide miscellanious support|"1156 W. Cesar Chavez, 
Austin, TX, 78703"|(512) 961-6519|volunteer@austinpetsalive.org|www.austinpetsalive.org|.||||||||||||||||
Austin Siamese Rescue|To provide responsible rescue, rehabilitation, and re-homing services to Siamese cats and their non-Siamese companions in the Central Texas area.|Animals|.|Foster cats|"P. O. Box 13474,
Austin, TX, 78711-3474"|(512) 354-7875|loveasiamese@yahoo.com|www.austinsiameserescue.org|.||||||||||||||||
Austin Zoo|To assist animals in need through rescue, rehabilitation, and education.|Animals|.|"Laundry and kitchen duties; Food prep for animals; Habitat maintenance; Occasional groundskeeping projects;
Assist in the Gift Shop. Volunteer opportunities are primarily long-term and working directly with animals is rare."|"10808 Rawhide Trail,
Austin, TX, 78736"|(512) 288-1490|info@austinzoo.org|www.austinzoo.org|.||||||||||||||||
Bat Conservation International|To conserve the world�s bats and their ecosystems to ensure a healthy planet.|Animals|.|Office assistantance (filing, data entry, mail sorting, etc.)|"500 N Capital of Texas Hwy. Bldg. 1, 
Austin, TX, 78746"|(512) 327-9721|jgiacona@batcon.org|www.batcon.org|.||||||||||||||||
Blue Dog Rescue|To find permanent, loving homes for at-risk homeless dogs in the Central Texas area.|Animals|.|Foster and transport dogs; Promote dogs up for adoption; Help plan and coordinate events; Assist with marketing and fundraising|"2541 S. IH-35 #200-328,
Round Rock, TX, 78664-7357"|None provided|info@bluedogrescue.com|www.bluedogrescue.com|.||||||||||||||||
Central Texas Dachshund Rescue|"To rehabilitate and rehome
dachshunds. "|Animals|.|Conduct adoption interviews; Perform house visits; Pull dogs from shelters; Transport dogs to vet appointments; Help with fundraisers; Foster|"7544 FM 1960 Road East #71,
Humble, TX, 77346"|None provided|info@ctdr.org|www.ctdr.org|.||||||||||||||||
Emancipet|To make high-quality spay/neuter and veterinary care affordable and accessible to all pet owners.|Animals|.|Help with social media and publicity; Volunteer at events; Volunteer as a greeter in a clinic; Volunteer for our mobile clinic|"7201 Levander Loop, Buildings I & K, 
Austin, TX, 78702"|(512) 587-7729|general@emancipet.org|www.emancipet.org|.||||||||||||||||
Greyhound Adoption League of Texas: Central Texas Chapter|To find responsible, loving homes for greyhounds, to acquaint the public with the desirability of greyhounds as pets, and to inform the public of the availability of these dogs for adoption.|Animals|.|"Foster and transport dogs; Coordinate and run events; Help with fundraising and grant writing; Manage online store; Assist with dog training; Assist with photography and videography; Help with PR and media outreach
"|"P.O. Box 10069, 
Austin, TX, 78766 "|(855) 446-3278 |volunteer@galtx-centex.org|www.galtx-centex.org|.||||||||||||||||
Hound Rescue Central Texas|To rescue and find kind, loving families for hounds in danger of euthanasia or hounds that have been removed from neglectful or abusive situations. To educate current and potential hound owners.|Animals|.|Foster dogs; Provide short-term dog-sitting and transportation; Train dogs; Manage newsletter; Assist with fundraising; Screen applicants; Manage website; Organize social events; Provide beagle and adoption information|"P.O. Box 28087,
Austin, TX, 78755"|.|info@houndrescue.com|www.houndrescue.com|.||||||||||||||||
Rescuties Animal Rescue|.|Animals|.|.|.,.,.,0|.|.|.|Appears non-active. Website down and phone number not working.||||||||||||||||
Texas Hearing and Service Dogs (now Service Dogs Inc.)|To improve the quality of life of persons living with disabilities by providing custom-trained Hearing and Service Dogs.|Animals|.|Help with events; Volunteer at the training center; Foster |"4925 Bell Springs Rd.,
Dripping Springs, TX, 78620"|(512) 858-1495|office@servicedogs.org|www.servicedogs.org|.||||||||||||||||
Texas Humane Legislation Network|"To promote the humane treatment
of animals through legislation, education,
and advocacy."|Animals|.|Specific to local chapters|"P.O. Box 685283,
Austin, TX, 78768-5283"|1 (888) 548-6263|CentralTXHumane@gmail.com|www.thln.org|.||||||||||||||||
Texas Veterinary Medical Association|To promote, advocate for, and protect the veterinary medical profession and to advance animal health for the well-being of animals and humans.|Animals|.|None provided|"8104 Exchange Dr.,
Austin, TX, 78754"|(512) 452-4224|info@tvma.org|www.tvma.org|.||||||||||||||||
Art Alliance Austin|To support and contribute to the growth, prominence, and sustainability of Austin�s art scene and ultimately contribute to Austin�s creative culture.|Arts|.|Help with events (general support; event set up/tear down; bar tending (must be TABC certified); event flow management; guest check-in and greeting; artist relations). Events include Pecha Kucha Nights, ARTBASH, Austin Art Breaks, and Art City: Austin Fine Arts Festival|"5811 Berkman Dr. Ste. 140,
Austin, TX, 78723"|(512) 609-8587|info@artallianceaustin.org|www.artallianceaustin.org|Volunteer opportunities inlcude bartending; not sure if that's ok to inlcude in a university publication. ||||||||||||||||
Austin Civic Orchestra|To provide high-quality musical experiences to a broad spectrum of the Austin community and surrounding areas.|Arts|.|Soliciting donations; Selling advertising; Selling tickets and merchandise during concerts; Conducting telephone surveys; Preparing for receptions|"P.O. Box 27132,
Austin, TX, 78755"|(512) 200-2261|"acomgr@austincivicorchestra.org

"|www.austincivicorchestra.org|.||||||||||||||||
Austin Film Society|To empower our community to make, watch, and love film and creative media. |Arts|.|Volunteer photographer; Internships|"1901 E 51st St,
Austin, TX, 78723
"|(512) 322-0145|christine@austinfilm.org|www.austinfilm.org|.||||||||||||||||
Austin Music Foundation|To strengthen and connect the local music industry and community with innovative programs that empower music professionals and music businesses within Austin�s creative economy. |Arts|.|Help with events and advertising|"P.O. Box 4309,
Austin, TX, 78765`1333 Shore District Dr. Suite 600,
Austin, TX, 78741"|(512) 542-0077|info@austinmusicfoundation.org|www.austinmusicfoundation.org|.||||||||||||||||
Creative Action|To provide hands-on, fun, and creative learning programs in classrooms, in after-school settings, and in the community.|Arts|.|Assist with after-school programs|2921 E. 17th St. Building B Box 7, Austin, TX, 78702|(512) 442-8773|christie@creativeaction.org|www.creativeaction.org|.||||||||||||||||
Texas Motion Picture Alliance|"To represent and advocate for a
robust community of professionals seeking
economic and creative incentives for media
work in Texas. "|Arts|.|None provided|"815-A Brazos Street #487, 
Austin, TX, 78701"|(512) 489-6723|info@txmpa.org|www.txmpa.org|.||||||||||||||||
Threads of Love|"To create clothing, blankets and
other handmade articles for tiny premature
and sick infants"|Arts|.|"Crochet, knit, or
sew blankets and other garments"|"P.O. Box 73,
Watson, Louisiana, 70786"|(225) 667-7714|.|www.threadsoflove.org|.||||||||||||||||
Zachary Scott Theater Center|To create intimate theatre experiences that ignite the imagination, inspire the spirit, and engage the community.|Arts|.|None provided|"202 South Lamar,
Austin, TX, 78704"|(512) 476-0541|.|zachtheatre.org|.||||||||||||||||
Austin Sports Commission|"To recruit, retain, and grow quality
sporting events in the Austin area that
increase economic vitality and brand Austin,
Texas as great sports destination."|Athletics|.|None provided|.,.,.,0|.|.|.|.||||||||||||||||
The Christi Center|"To provide love, hope, comfort,
and ongoing support to those who are
adjusting to life after the death of a loved
one. To educate the general public
regarding the issue of grief and other
concerns of the bereaved. "|Crisis|.|Kids Who Kare Meals; Maintenance around the Christi Center; Maintain and grow inthe Healing Garden|"2306 Hancock Dr.,
Austin, TX, 78756"|(512) 467-2600|info@christicenter.org|christicenter.org|.||||||||||||||||
"My Healing Place (Now: ""Austin Grief"")"|"To assist those who are
experiencing grief, loss, and trauma as the
result of a significant of traumatic loss (death
or non-death)."|Crisis|.|Become a Support Group Facilitator; Volunteer in the Austin Grief office; Fundraising; Event coordination; Child care during evening support groups|"2413 Greenlawn Pkwy.,
Austin, TX, 78757"|(512) 472-7878|info@austingrief.org|www.austingrief.org|.||||||||||||||||
LifeWorks|To teach innovative problem solving, shared accountability, and a relentless focus on achieving real, sustainable and measurable results for the clients we serve.|Crisis|.|Become a LifeWorks advocate; Host a gift card drive|"835 N Pleasant Valley,
Austin, TX, 78702"|(512) 735-2400|.|www.lifeworksaustin.org|.||||||||||||||||
Austin Herb Society|To provide education and encourage the cultivation and use of herbs for their beneficial purposes: medicinal, culinary, aromatic, as well as landscaping; and to provide charitable and volunteer support to our non-profit community and community projects|Environment/Sustainable Living|.|Become a member and volunteer in the garden|"2220 Barton Springs Rd.,
Austin, TX, 78746"|None provided|president@austinherbsociety.org|www.austinherbsociety.org|.||||||||||||||||
Austin Sustainable Communities Initiative|To provide  leadership, influences positive action through engagement, and creates measurable benefits for Austin by achieving net-zero community-wide greenhouse gas emissions by 2050, a healthy and just local food system, resource efficient strategies for municipal operations, tangible projects that demonstrate sustainability and a resilient and adaptive city.|Environment/Sustainable Living|.|.|.,.,.,0|.|.|.|.||||||||||||||||
The Austin Area Sustainability Indicators Project|To measure sustainability and quality of life in the six-county greater Austin region and to promote sustainability through data-based policy solutions.   |Environment/Sustainable Living|.|Contact organization for research collaboration opportunities|"2315 Red River St. P.O. Box Y,
Austin, TX, 78713"|(512) 232-7062|"sip@austin.utexas.edu

"|www.austinindicators.org|.||||||||||||||||
CLEAN AIR Force of Central Texas|To be a liaison among all stakeholders, coordinate the air quality planning of the private sector, provide a forum for public discussion, educate the public on air quality issues, and manage air quality improvement programs in Central Texas focused on motivating the citizens, businesses and governments of this region to take actions to reduce air pollution to protect public health and the health of our economy.|Environment/Sustainable Living|.|.|"PO. Box 29295,
Austin, TX, 78755"|(512) 225-7780|sarah@cleanairforce.org|cleanairforce.org|.||||||||||||||||
Green Corn Project|To educate and assist Central Texans in growing organic food gardens.|Environment/Sustainable Living|.|Become a Dig-In Leader; Attend a Seeds to Starts Workshop|"P.O. Box 49468,
Austin, TX, 78765`1210 Rosewood,
Austin, TX, 78702"|.|.|www.greencornproject.org|First address is the mailing address. Second address is the meetup location.||||||||||||||||
Keep Austin Beautiful|To provide resources and education to engage citizens in building more beautiful communities.|Environment/Sustainable Living|.|"Lead community service
projects; Participate in Days of
Service; Adopt-a-Creek; Internships "|55 North IH-35, Ste 215 Austin, TX, 78702|512-391-0617|.|keepaustinbeautiful.org|.||||||||||||||||
Ladybird Johnson Wildflower Center|To inspire to conservation of native plants.|Environment/Sustainable Living|.|Volunteer in the garden; Trail maintenance, brush-clearing, and construction in natural areas; Youth and family education; Become a docent; Become a Nature Play Leader; Work in the gift store; Help in the library; Fauna Survey|"4801 La Crosse Ave.,
Austin, TX, 78739"|(512) 232-0156|volunteer@wildflower.org|www.wildflower.org|.||||||||||||||||
People Organized in Defense of the Earth and her Resources (PODER)|"Our mission is redefining environmental issues as social and economic 
justice issues, and collectively setting our own agenda to address 
these concerns as basic human rights. We seek to empower our 
communities through education, advocacy and action. Our aim is to 
increase the participation of communities of color in corporate and 
government decision making related to toxic pollution, economic 
development and their impact on our neighborhoods."|Environment/Sustainable Living|.|None provided|"P.O. Box 6237,
Austin, TX, 78762
"|(512) 402-3311|poder.austin@gmail.com|www.poder-texas.org|.||||||||||||||||
Re-Energize Texas|"To unite a diversity of students and youth 
leaders in an alliance that supports and strengthens 
the student and youth climate movement in Texas.
 
"|Environment/Sustainable Living|.|.|.,.,.,0|.|.|.|Inactive website since 2007||||||||||||||||
Rhizome Collective|.|Environment/Sustainable Living|.|.|.,.,.,0|.|.|.|.||||||||||||||||
Save Barton Creek Association|Citizen group working to protect and conserve the six watersheds of the Barton Springs Edwards Aquifer (Barton, Bear, Little Bear, Onion, Slaughter and Williamson)|Environment/Sustainable Living|.|Numerous opportunities like water clean-up events, park cleanups, restoring parks, etc.|"P.O. Box 5923,
Austin, TX, 78763"|(512) 480-0055|SBCA@savebartoncreek.org|savebartoncreek.org|.||||||||||||||||
Save Our Springs Alliance|Works to protect the Edwards Aquifer, its springs and contributing streams, and the natural and cultural heritage of the Hill Country region and its watersheds, with special emphasis on Barton Springs. |Environment/Sustainable Living|.|Volunteer with SOS to prevent overpumping of Edward's Aquifer|"905 West Oltorf Suite A.,
Austin, Texas, 78704`P.O. Box 684881,
Austin, TX, 78768"|(512) 477-2320|sosinfo@sosalliance.org|sosalliance.org|.||||||||||||||||
Sierra Club � Lone Star Chapter|To explore, enjoy and protect the planet through active education and promotion of the responsible use of the Earth's ecosystems and resources.|Environment/Sustainable Living|.|Become involved in event planning, social media outreach and building coalitions|"6406 N I-35 STE 1805,
Austin, TX, 78752`PO Box 4998, Austin, TX, 78765 
"|(512) 477-1729|kristal.ibarra-rodriguez@sierraclub.org|www.sierraclub.org/texas|.||||||||||||||||
Sierra Student Coalition|"To explore, enjoy, and protect the wild places of the earth;
To practice and promote the responsible use of the earth's ecosystems and resources;
To educate and enlist humanity to protect and restore the quality of the natural and human environment; and to use all lawful means to carry out these objectives."|Environment/Sustainable Living|.|Ways to volunteer virtually and in person through data entry, social media platforms, etc.|"2101 Webster St Suite 1300,
Oakland, CA, 94612"|(415) 977-5500|information@sierraclub.org|www.sierraclub.org/youth|.||||||||||||||||
Sunshine Community Gardens|"To provide the Austin area spring transplants for 
their gardens, offer educational opportunities 
with garden tours, donations of seed and plants, 
and meeting space for other non-profits
"|Environment/Sustainable Living|.|Become a member and work as a gardener in various plots of the garden|"4814 Sunshine Dr,
Austin, TX, 78756`PO Box 302349,
Austin, TX, 78703
"|.|nick.sweeney@hotmail.com|www.sunshinecommunitygardens.org|.||||||||||||||||
Surfrider Foundation|Our mission is the protection and enjoyment of oceans, waves and beaches through a powerful activist network|Environment/Sustainable Living|.|Attend local meetings, work to advocate for local waterways, and gain opportunities to carpool to go surfing.|"9217 Colberg Dr,
Austin, TX, 78749
"|.|centraltexas@surfrider.org|www.centraltexas.surfrider.org|.||||||||||||||||
Sustainable Food Center|To cultivate a healthy community by strengthening the local food system and improving access to nutritious, affordable food|Environment/Sustainable Living|.|"Information booth, office data entry, garden, seed packing for ""Spread the Harvest"", garden beautification days, Spanish-English translators, childcare during classes, etc."|"2921 E. 17th Street Building C,
Austin, TX, 78702
"|(512) 236-0074|info@sustainablefoodcenter.org|www.sustainablefoodcenter.org|.||||||||||||||||
Urban Roots|"To use food and farming to transform the lives of young people 
and inspire, engage, and nourish the community
"|Environment/Sustainable Living|.|"Plant, cultivate, or harvest sustainably grown fruits and 
vegetables that are sold at local farmer�s markets and donated to hunger relief
"|"4900 Gonzales St,
Austin, TX, 78702`7651 Delwau Ln,
Austin, TX, 78725
"|(512) 750-8019|volunteer@urbanrootsatx.org|www.urbanrootsatx.org|First address is the office. Second address is the farm.||||||||||||||||
Wild Basin Wilderness Preserve|To provide the citizens of Travis County a sustainable system of signature parks and nature preserves linked by greenbelts and riparian corridors that furnishes recreational and educational opportunities and protects endangered species and significant natural and cultural resources.|Environment/Sustainable Living|.|Research, guiding tours, trail development, trash pickup|"805 North Capital of Texas Highway,
Austin, TX, 78746"|(512) 854-7275|parks@traviscountytx.gov|www.parks.traviscountytx.gov/find-a-park/wild-basin|.||||||||||||||||
Central Texas Food Bank|To nourish hungry people and lead the community in the fight against hunger.|Food/Necessities|.|Warehouse volunteering, ensuring food is safe and at highest quality. Community kitchen volunteering, preparing meals for Value Added Meal program, mobile food pantry, office, nutrition education, and garden opportunities|"6500 Metropolis Dr.,
Austin, TX, 78744"|(512) 282-2111|.|www.centraltexasfoodbank.org|.||||||||||||||||
Caritas of Austin|To prevent and end homelessness for people in Greater Austin|Food/Necessities|.|Serve Lunch in the Community Kitchen; Work with clients directly; Provide administrative support to staff members; Help with donation deliveries and pick-ups|"611 Neches Street,
Austin, Texas, 78701`P.O. Box 1947,
Austin, Texas, 78767
"|(512) 479-4610|mortiz@caritasofaustin.org|www.caritasofaustin.org|.||||||||||||||||
Goodwill|"To enhance individuals� dignity
and quality of life by strengthening
communities, eliminating barriers to
opportunity, and helping people in need
reach their full potential through learning
and the power of work.
"|Food/Necessities|.|Disassemble donated computers; Fix machines; Provide office support; Serve as Spanish translator; Mentor young adults; Internships |"3010 Williams Dr Suite 137, 
Georgetown, TX, 78628"|(512) 868-9547|.|www.goodwillcentraltexas.org|.||||||||||||||||
Lisa�s H.O.P.E. Chest|.|Food/Necessities|.|.|.,.,.,0|.|.|.|No longer active||||||||||||||||
Meals on Wheels and More (Now: Meals on Wheels Central Texas)|To nourish and enrich the lives of the homebound and other people in need through programs that promote dignity and independent living.|Food/Necessities|.|Deliver meals to homebound clients; Help clients with safety-related home repairs; Make periodic phone calls to homebound clients; Support clients with Alzheimer's and other forms of dementia; Deliver extra groceries; Grocery shop for clients; Help clients with pets� vet visits and food delivery |"3227 E 5th St.,
Austin, TX, 78702"|(512) 476-6325|email@mealsonwheelscentraltexas.org|www.mealsonwheelscentraltexas.org|.||||||||||||||||
Mobile Loaves and Fishes|To provide food and clothing, cultivate community, and promote dignity to our homeless brothers and sisters in need.|Food/Necessities|.|Prepare food; Load and drive trucks; Distribute food and necessities; Collect donations; Additional volunteer opportunities|.,.,.,0|(512) 328-7299|tony@mlf.org|www.mlf.org|.||||||||||||||||
The Salvation Army|To preach the gospel of Jesus Christ and to meet human needs in His name without discrimination.|Food/Necessities|.|Sort donations; Help in the kitchen; Assist with special projects as needed; Disaster relief; Help with fundraising|"1930 S. Austin Avenue Suite 101,
Georgetown, TX, 78626"|(512) 943-8421|Donna.Clendennen@uss.salvationarmy.org|www.salvationarmyaustin.org|.||||||||||||||||
Sustainable Food Center|To cultivate a healthy community by strengthening the local food system and improving access to nutritious, affordable food.|Food/Necessities|.|Volunteer at SFC Farmers� Markets; Help with administrative tasks; Pack seeds for SFC's Spread the Harvest event; Represent SFC at community events and health fairs; Volunteer in the garden; Assist with Intro to Food Gardening classes; Tanslate between Spanish and English; Provide childcare during classes|"2921 E 17th St Bldg C,
Austin, TX, 78702"|(512) 236-0074|becca@sustainablefoodcenter.org|www.sustainablefoodcenter.org|.||||||||||||||||
211|"To connect those needing social
and financial services to area providers."|General|.|None provided|"2000 E MLK Blvd.,
Austin, TX, 78702"|" 211`(512) 973-9201
"|211database@uwatx.org|www.211.org`www.211texas.org|United Way For Greater Austin is 211's Area Information Center for South Central Texas||||||||||||||||
Austin Area Urban League|To provide tools to African Americans and under-served populations to build a foundation for social and economic equality.|General|.|Help with fundraising efforts; Mentor youth; Participate in community mobilization projects; Support AAUL staff and programs|"8011A Cameron Road Building A-100,
Austin, TX, 78754

"|(512) 478-7176|communications@aaul.org|www.aaul.org|.||||||||||||||||
Austin Bridge Builders Alliance|To achieve a flourishing community by building alliances that break down barriers, bridging the Church to the community, and providing long-term solutions to social and spiritual needs.|General|.|Assist with programs; Be a table leader for ABBA's Business Leadership Series|"11211 Taylor Draper Lane Ste. 305,
Austin, TX, 78759"|(512) 458-2741|admin@abbaconnect.net|www.abbaconnect.net|.||||||||||||||||
Austin Steam Train Association|To preserve, interpret, and re-create the first-hand experience of historic steam-era railroading for the enjoyment and edification of today�s families and the generations to come.|General|.|"Work on-board as a car attendant;
Perform maintenance and restoration "|"401 E. Whitestone Blvd. Ste C-100,
Cedar Park, TX, 78613"|(512) 477-8468 extension 205|volunteers@austinsteamtrain.org|www.austinsteamtrain.org|.||||||||||||||||
Center for Maximum Potential Building Systems|To achieve ecologically balanced environments, responsible natural resource stewardship, and elevated community resilience and economic vitality through the creation of Protocols, Policies, and Prototypes.|General|.|Provide design, research, and construction support; Internships|"8604 FM 969,
Austin, TX, 78724"|(512) 928-4786|center@cmpbs.org|www.cmpbs.org|.||||||||||||||||
Entrepreneurs Foundation of Central Texas|"To promote philanthropy and community engagement, help 
entrepreneurs build corporate cultures and employee engagement 
that contribute to success, to support Capital Factory's community and 
philanthropic initiatives and to promote youth entrepreneurship
"|General|.|.|"701 Brazos Suite 501,
Austin, TX, 78701`PO Box 684826,
Austin, TX, 78768
"|(512) 482-8894|info@efctx.org|www.entrepreneursfoundation.org|.||||||||||||||||
GlobalAustin|"To ""connect Austin to the world, one handshake at a time"""|General|.|"Become a ""Hospitality Host"" of international visitors, internship opportunities"|"1103 W 24th Street Suite #212,
Austin, Texas, 78705"|(512) 215-0140|info@globalaustin.org|www.globalaustin.org|.||||||||||||||||
Greenlights (Now: Mission Capital)|To multiply the impact of mission-driven people and organizations.|General|.|.|"8303 N. MoPac Expwy Suite A201,
Austin, TX, 78759"|(512) 477-5955|info@missioncapital.org|www.missioncapital.org|.||||||||||||||||
Manos de Cristo|To empower low-income individuals with a loving hand of assistance and without regard to age, gender, race, or religious preference|General|.|Food pantry and clothing closet packing, event, marketing, and office opportunities, grounds upkeep, ESL teaching, practicum hours for CELTAs, dental center volunteer opportunities|"4911 Harmon Avenue,
Austin, TX, 78751"|(512) 477-7454|mdc@manosdecristo.org|www.manosdecristo.org|.||||||||||||||||
Network of Asian American Organizations|To unite and promote community through service, education and cultural programs|General|.|Become a member to receive volunteer opportunities|"7908 Cameron Rd,
Austin, Texas, 78754"|(512) 222-1266|info@naaotexas.org|www.naaotexas.org|.||||||||||||||||
PeopleFund|To create economic opportunity and financial stability for underserved people by providing access to capital, education and resources to build healthy small businesses|General|.|Become a One-To-One Mentor and assist in technical aspects of a local nonprofit, lead workshops for clients, event and office volunteer opportunities|"2921 E. 17th Street Building D Suite 1,
Austin, TX, 78702"|(512) 472-8087|.|www.peoplefund.org|.||||||||||||||||
Skillpoint Alliance|To provide a gateway for individuals to transform their lives through rigorous skills-based training and education|General|.|.|"201 E. 2nd St Suite B,
Austin, TX, 78701"|(512) 323-6773|.|www.skillpointalliance.org|.||||||||||||||||
Tibetan Art and Literature Initiative|Supports projects that promote Tibetan culture and language in Tibetan areas within the People�s Republic of China|General|.|Teach workshops, host fundraising events, write and illustrate children's books|"8127 Mesa Drive #B206 PMB 279,
Austin, TX, 78759"|.|info@talitibet.org|www.talitibet.org|.||||||||||||||||
United Way of the Capital Area (Now: For Greater Austin)|"To bring people, ideas and resources together to fight poverty in our community.

"|General|.|Projects benefiting local parks and trails, nonprofit agencies, schools, and community centers|"2000 E. MLK Jr. Blvd.,
Austin, Texas, 78702"|(512) 472-6267|info@uwatx.org|www.unitedwayaustin.org|.||||||||||||||||
Ventana Del Soul|To provide training and vocational mentoring to disadvantaged, disabled or underemployed persons so that they can build a career, attain financial stability and establish a higher quality of life as active citizens|General|.|Job coaching youth, mentoring, helping Youth Produce Market, event planning, music and art event coordination|"1712 E Riverside Dr #99,
Austin, TX, 78741"|(512) 468-5864|.|www.ventanadelsol.org|.||||||||||||||||
A*Med Community Hospice|To provide a high quality, comprehensive palliative program dedicated to promoting comfort and quality of life for clients and families facing a terminal illness.|Health|.|.|"7800 Shoal Creek Blvd Suite 242 South,
Austin, TX, 78757"|(512) 323-6500|.|www.amedhomehealth.com|.||||||||||||||||
ACTIVE Life|.|Health|.|.|.,.,.,0|.|.|.|Inactive||||||||||||||||
AGE of Central Texas|To tackle the challenges of aging with expert solutions, dedicated to older adults and those who care for them|Health|.|Contact AGE to receive specific volunteer oppoortunities|"3710 Cedar Street,
Austin, TX, 78705"|(512) 451-4611|info@ageofcentraltexas.org|www.ageofcentraltexas.org|.||||||||||||||||
AIDS Services of Austin|To enhance the health and well-being of the community and people affected by HIV and AIDS.|Health|.|Community events, facilities, fairs and tabling, Helping Hands Food Bank, prevention: condom distribution and mobile testing team, testing reception, Woemn Rising Project|"7215 Cameron Rd.,
Austin, TX, 78752
"|(512) 451-4611|joseph.breck@asaustin.org|www.asaustin.org|.||||||||||||||||
The Alzheimer�s Association|"To eliminate Alzheimer's disease through the advancement of research; to provide and enhance care and support for all affected; and to reduce the risk of dementia through the promotion of brain health.

"|Health|.|Public education and awareness programs, special events such as Walk to End Alzheimer's, office help, helpline support calls|"5508 Highway 290 West Suite 206, 
Austin, Texas, 78735"|(512) 592-0990|ascott@alz.org|www.alz.org/texascapital|.||||||||||||||||
American Cancer Society|Funding and conducting research, sharing expert information, supporting patients, and spreading the word about prevention to free the world from cancer|Health|.|.|.,.,.,0|.|.|www.cancer.org|.||||||||||||||||
American Diabetes Association|.|Health|.|.|.,.,.,0|.|.|.|.||||||||||||||||
American Red Cross of Central Texas|.|Health|.|.|.,.,.,0|.|.|.|.||||||||||||||||
Any Baby Can|We strengthen parents and their children through in-home therapies (physical, occupational, and speech pathology), medical case management, resource navigation, and family support services|Health|.|.|.,.,.,0|.|.|.|.||||||||||||||||
Austin Dog Alliance|We are passionate about improving lives by harnessing the healing power of our relationship with dogs|Health|.|Volunteers are out in the community with their therapy dog partners, rescuing dogs from shelters for placement as service dogs, and helping maintain our ranch|"1321 W. New Hope Drive,
Cedar Park, TX, 78613
"|(512) 335-7100|info@thedogalliance.org|www.thedogalliance.org|.||||||||||||||||
Austin Travis County Integral Care|To improve the lives of people affected by behavioral health and developmental and/or intellectual challenges|Health|.|Assist with registration, helping workshop presenters during breakout sessions, checking in volunteers, presenters, and exhibitors, pre-conference community outreach|"1165 Airport Blvd Second Floor,
Austin, TX, 78702
"|Crisis Tool #: (512) 472-4357|info@integralcare.org|www.integralcare.org|.||||||||||||||||
We Are Blood (Formerly: The Blood Center of Central Texas)|To provide and protect the community blood supply, to inspire Central Texans to save lives locally, and to always treat everyone we serve as family.|Health|.|Canteen hosts serve refreshments and are alert to symptoms of adverse reactions of donors, transportation volunteers perform scheduled pickup of blood, blood drive volunteers answer questions, greet donors, and engage with the public to recruit potential donors, office support  assists with marketing and promotion and preparing for fundraisers.|"4300 N. Lamar Blvd,
Austin, TX, 78756`2132 North Mays Suite 900,
Round Rock, TX, 78664`3100 W. Slaughter Ln,
Austin, TX, 78748
"|(512) 206-1189|volunteer@weareblood.org|www.weareblood.org|First address is Austin North. Second address is Round Rock. Third address is Austin South.||||||||||||||||
Cancer Connection|.|Health|.|.|.,.,.,0|.|.|.|No active information online, appears inactive||||||||||||||||
The Care Communities|To provide volunteer Care Teams, who provide practical and compassionate, non-medical care to people with AIDS and or cancer, helping them to stay in their homes as they face their illness|Health|.|.|"314 E Highland Mall Blvd Ste 495,
Austin, TX, 78752
"|(512) 459-5883|info@carecommunities.org|.|.||||||||||||||||
Children�s Partnership|To help families increase their capacity to live, work, learn and participate fully in their community|Health|.|Contact TCP for volunteer opportunities|"100 N. IH-35,
Austin, Texas, 78701
"|(512) 854-5022|sonia.hartman@traviscountytx.gov|https://www.traviscountytx.gov/health-human-services/children-and-youth/mental-health/the-childrens-partnership|.||||||||||||||||
City of Austin Health & Human Services|To prevent disease, promote health, and protect the well-being of our community, with the vision of making Austin/Travis County the healthiest  in the nation|Health|.|.|"7201 Levander Loop, 
Austin, TX, 78702`P.O. Box 1088,
Austin, TX, 78767"|(512) 972-5000|.|www.austintexas.gov/department/health|.||||||||||||||||
Lone Star Circle of Care|"Lone Star Circle of Care provides exceptional and accessible patient centered healthcare for our Texas neighbors. We will eliminate health inequalities to facilitate wellness and optimal living for all, helping strengthen our communities.

"|Health|.|.|"205 East University Avenue Suite 200,
Georgetown, Texas, 78626

"|(877) 800-5722|info@lscctx.org|www.lonestarcares.org|.||||||||||||||||
Mental Health Association in Texas|We are here to encourage our patients and stand with them together so they can beat their not that ordinary problems|Health|.|.|.,.,.,0|.|info@mhatexas.org|www.mhatexas.org|.||||||||||||||||
Migrant Clinicians Network|To create practical solutions at the intersection of poverty, migration, and health|Health|.|.|"P.O. Box 164285,
Austin, TX, 78716
"|(512) 327-2017|mcn@migrantclinician.org|www.migrantclinician.org|.||||||||||||||||
Muscular Dystrophy Association|To transform the lives of people affected by neuromuscular disease|Health|.|Event volunteers assist with events like MDA Muscle Walk, MDA Lock-Up, golf tournaments, and more. Serve as a counselor or medical volunteer at summer camp, represent MDA with community outreach, or assist with phone calls, auctions, etc. in office volunteer positions.|"9430 Research Blvd. Eschelon Bldg. 2 Suite 300,
Austin, TX, 78759"|(512) 691-0065|resourcecenter@mdausa.org|www.mda.org|.||||||||||||||||
NARAL Pro-Choice Texas|To develop and sustain a constituency that uses the political process to guarantee every Texan the right to make personal reproductive health decisions and to guarantee access to the full range of options, including preventing unintended pregnancy, bearing healthy children, and accessing legal abortion|Health|.|Block walking, phone banking, event planning, data entry, preparing bulk mailings, photography, social media, story sharing, legislative action term|"P.O. Box 684602,
Austin, TX, 78768"|(512) 462-1661|info@prochoicetexas.org|www.prochoicetexas.org|.||||||||||||||||
National Alliance on Mental Illness of Texas (NAMI)|To help improve the lives of people affected by mental illness through education, support, and advocacy|Health|.|Event assistance, fundraising efforts, advocacy work, and professional skills|"4110 Guadalupe St. Bldg. 781 4th Floor Room 419,
Austin, TX, 78751`PO Box 302398,
Austin, TX, 78703
"|(800) 633-3760`(512) 420-9810|info@namiaustin.org|www.namiaustin.org|.||||||||||||||||
Patient Privacy Rights Foundation|To honor and empower the individual�s right to privacy through personal control of health information wherever such information is collected and used|Health|.|.|"1006 Mopac Circle Suite 102,
Austin, TX, 78746`P.O. Box 248,
Austin, TX, 78767
"|(512) 732-0033|privacy@patientprivacyrights.org|www.patientprivacyrights.org|.||||||||||||||||
People�s Community Clinic|To improve the health of medically underserved and uninsured Central Texans by providing high quality, affordable health care with dignity and respect|Health|.|.|"1101 Camino La Costa, 
Austin, TX, 78752 "|(512) 478-4939|.|www.austinpccc.org|.||||||||||||||||
Phoenix House|We are passionate about healing individuals, families, and communities challenged by substance use disorders and related mental health conditions|Health|.|.|"400 W Live Oak Street,
Austin, TX, 78704"|(888) 671-9392|texas@phoenixhouse.org|www.phoenixhouse.org|.||||||||||||||||
Pick with Austin|To help educate and elevate a community awareness about the dangers of depression and to provide coping tools to those at-risk in our community|Health|.|Provide musical instruments to individuals in the juvenile justice system, meet with teens to promote creative outlets as alternatives to depression, guitar basics classes, seek community outreach programs and events to promote suicide awarness and prevention|"P.O. Box 5191,
Round Rock, TX, 78683
"|(512) 826-5380|jeffc@pickwithaustin.com|www.pickwithaustin.com|.||||||||||||||||
Livestrong (Formerly: Planet Cancer)|To improve the lives of people affected by cancer, now|Health|.|Fill out volunteer application to receive and participate in opportunities|"2201 E Sixth St,
Austin, TX, 78702
"|(512) 279-8394|livestrong@livestrong.org|www.livestrong.org|.||||||||||||||||
Planned Parenthood|To create healthier communities by providing comprehensive reproductive and related healthcare services, delivering science-based education programs, and serving as a strong advocate for reproductive justice in Texas|Health|.|Data entry, community outreach, event support, and volunteer program support|"201 E. Ben White Blvd Building B,
Austin, TX, 78704"|(512) 275-0171|volunteer@ppgt.org|www.plannedparenthood.org|.||||||||||||||||
Project Transitions|Dedicated to serving people with HIV and AIDS by providing supportive living, housing, recuperative care and hospice in compassionate and caring environments|Health|.|Caregivers at Doug's House Hospice to help residents with daily non-medical needs, sort and price donations and run thrift store, silent auction committee, handymen and suppliers, gardeners and landscapers, public relations, and e-Bay store managing|"7101 Woodrow Avenue,
Austin, TX, 78757"|(512) 454-8646|info@projecttransitions.org|www.projecttransitions.org|.||||||||||||||||
Religious Coalition for Reproductive Choice|A broad-based, national, interfaith movement that brings the moral force of religion to protect and advance reproductive health, choice, rights and justice through education, prophetic witness, pastoral presence and advocacy|Health|.|.|"1413 K Street NW 14th Floor, 
Washington, DC, 20005
"|(202) 628-7700|operations@rcrc.org|www.rcrc.org|"No active location in Texas, but a project called ""Southern Project"" focuses on benefiting southern states"||||||||||||||||
Ronald McDonald House|To create, find and support programs that directly improve the health and well-being of children and their families|Health|.|Contact volunteer coordinator for opportunities|"1315 Barbara Jordan Blvd,
Austin, TX, 78723
"|(512) 472-9844|rcarlin@rmhc-ctx.org|www.rmhc-ctx.org|.||||||||||||||||
Texas Health Institute|To advance and inform effective public health efforts, policies, and systems by engaging leaders, educating stakeholders, and empowering communities|Health|.|Complete a volunteer commitment form to receive opportunities|"8501 N Mopac Expressway Suite 170,
Austin, TX, 78759
"|(512) 279-3910|cgamble@texashealthinstitute.org|www.texashealthinstitute.org|.||||||||||||||||
Texas Mamma Jamma Ride|To help people in our local community facing breast cancer|Health|.|Complete volunteer registration for opportunities|"P.O. Box 302106,
Austin, TX, 78703"|(512) 297-7740|volunteer@mammajammaride.org|www.mammajammaride.org|.||||||||||||||||
Texas Medical Association|To provide distinctive solutions to the challenges they encounter in the care of patients.|Health|.|.|"401 West 15th Street,
Austin, Texas, 78701 "|(512) 370-1300|knowledge@texmed.org|www.texmed.org|.||||||||||||||||
Whole Woman�s Health|To provide holistic care for women like comprehensive gynecology services, including abortion care|Health|.|.|"8401 N IH 35 Suite 200,
Austin, TX, 78753
"|(512) 250-1005|info@wholewomenshealth.com|www.wholewomanshealth.com|.||||||||||||||||
Women�s Health and Family Planning Association of Texas|To provide reproductive healthcare to low income and uninsured women, men, and adolescents|Health|.|No volunteer opportunities, but internships are available|"1114 Lost Creek Blvd Suite 110,
Austin, TX, 78746"|(512) 448-4857|info@whfpt.org|www.whfpt.org|.||||||||||||||||
Wright House Wellness Center|To improve the lives of Central Texans living with, at risk for, and affected by HIV, AIDS and Hepatitis C through outreach, education, health and holistic services, and care coordination|Health|.|Contact to receive opportunities|"8101 Cameron Rd,
Austin, TX, 78722"|(512) 467-0088|info@thewrighthouse.org|www.thewrighthouse.org|.||||||||||||||||
Austin Tenant�s Council|To protect tenants� rights and educate the community on fair housing|Housing/Homelessness|.|Assist with the preparation of quarterly newsletter for bulk mailing distribution|"1640-B E 2nd St,
Austin, TX, 78702
"|(512) 474-7006|daniel@housing-rights.org|www.housing-rights.org|.||||||||||||||||
Foundation Communities|To provide people with an affordable, attractive place to call home, as well as opportunities right at their doorstep to transform their lives.|Housing/Homelessness|.|"Create ""Welcome Home"" baskets, participate in supper club, after-school and summer learning programs, ESL classes, financial coaching, money management, health insurance enrollment"|"3036 S. 1st St.,
Austin, TX, 78704"|(512) 447-2026|jackie.cuellar@foundcom.org|www.foundcom.org|.||||||||||||||||
Front Steps|To provide a pathway home for our neighbors experiencing homelessness by offering emergency shelter, affordable housing, recuperative medical care, supportive services, and promotes community awareness|Housing/Homelessness|.|Work with the mail and hygiene desk, kitchen volunteers, resource desk, computer lab, obtaining donations, administrative assistance, weather shelters|"500 E 7th Street,
Austin, TX, 78701`PO Box 684519,
Austin, TX, 78768
"|(512) 305-4144|keepaustinhoused@frontsteps.org|www.frontsteps.org|.||||||||||||||||
Green Doors|To prevent and help end homelessness and poverty housing for those working to achieve independent living in Central Texas|Housing/Homelessness|.|Help landscape a home, distribute food at food pantry, assist with fundraising activities, plan a donation or drive in community|"1503 S. I-35,
Austin, TX, 78741`PO Box 685065,
Austin, TX, 78768"|(512) 469-9130 X 312|efrenzel@greendoors.org|www.greendoors.org|.||||||||||||||||
Habitat for Humanity of Austin|To bring people together to build strong, stable and self-reliant communities through faith in action|Housing/Homelessness|.|Register online to receive opportunities|"500 Ben White Blvd,
Austin, TX, 78704
"|(512) 472-8788|volservices@ahfh.org|www.austinhabitat.org|.||||||||||||||||
Central Texas Coalition Against Human Trafficking|To work collaboratively to increase public awareness and identification of human trafficking cases, and to provide identified victims of human trafficking with comprehensive social and medical services|Human Trafficking|.|Google AdWords, Google Analytics, social media, daily research, web design and development, bloggers and writers|"50 E. Freedom Way,
Cincinnati, Ohio, 45202"|.|info@endslaverynow.org|www.endslaverynow.org|No information on contact info for Central Texas Coalition, just history about the group||||||||||||||||
Restore a Voice|To restore freedom, dignity, and hope, to survivors of human trafficking through faith-based solutions that foster healing, education, and advocacy|Human Trafficking|.|.|.,.,.,0|(512) 672-9030|worshipone@sbcglobal.net|www.restoreavoice.org|Currently reconstructing website, available for contact via Facebook, appears inactive since 2013||||||||||||||||
Trade in Hope|.|Human Trafficking|.|.|.,.,.,0|.|.|www.tradeinhope.com|Website appears to not have information, instead just various blog posts. Contact form needs to be filled out to obtain information about the organization||||||||||||||||
Austin Immigrant Rights Coalition|.|Immigration|.|.|"1304 E 6th St,
Austin, TX, 78702"|(512) 476-2472|.|www.austinirc.org|No contact information, various blog posts||||||||||||||||
Austin Refugee Roundtable|To provide fundamental support and services in order to ensure refugees in our area are equipped to become successful and productive citizens|Immigration|.|.|.,.,.,0|.|.|.|A coalition of various nonprofit organzations in the Austin area with no active website or social media pages||||||||||||||||
Office of Refugee Resettlement|To provide new populations with the opportunity to achieve their full potential in the United States by linking them to critical resources that assist them in becoming integrated members of American society|Immigration|.|.|"330 C Street S.W.,
Washington, D.C., 20201"|(202) 401-9246|.|www.acf.hhs.gov/orr|.||||||||||||||||
American Gateways (Formerly: Political Asylum Project of Austin)|To champion the dignity and human rights of immigrants, refugees and survivors of persecution, torture, conflict and human trafficking through exceptional immigration legal services at no or low cost, education and advocacy|Immigration|.|Translation and interpretation services, administrative work, psychological counseling, and medical exams|"314 E. Highland Mall Boulevard Suite 501,
Austin, TX, 78752"|(512) 478-0546|ashleyd@americangateways.org|www.americangateways.org|.||||||||||||||||
Refugee Services of Texas|To welcome refugees, immigrants, and other displaced peoples and supports them in integrating and thriving in their new communities|Immigration|.|Create an account to receive volunteer information|"500 East St. Johns Ave Suite 1.280,
Austin, TX, 78752"|(512) 472-9472|austin@rstx.org|www.rstx.org|.||||||||||||||||
|||||||||||||||||||||||||
|||||||||||||||||||||||||
|||||||||||||||||||||||||
|||||||||||||||||||||||||
|||||||||||||||||||||||||
|||||||||||||||||||||||||
|||||||||||||||||||||||||
|||||||||||||||||||||||||
|||||||||||||||||||||||||
|||||||||||||||||||||||||
|||||||||||||||||||||||||
|||||||||||||||||||||||||
|||||||||||||||||||||||||
|||||||||||||||||||||||||
|||||||||||||||||||||||||
|||||||||||||||||||||||||
|||||||||||||||||||||||||
|||||||||||||||||||||||||
|||||||||||||||||||||||||
|||||||||||||||||||||||||
|||||||||||||||||||||||||
|||||||||||||||||||||||||
|||||||||||||||||||||||||
|||||||||||||||||||||||||
|||||||||||||||||||||||||
|||||||||||||||||||||||||
|||||||||||||||||||||||||
|||||||||||||||||||||||||
|||||||||||||||||||||||||
|||||||||||||||||||||||||
|||||||||||||||||||||||||
|||||||||||||||||||||||||
|||||||||||||||||||||||||
|||||||||||||||||||||||||
|||||||||||||||||||||||||
|||||||||||||||||||||||||
|||||||||||||||||||||||||
|||||||||||||||||||||||||
|||||||||||||||||||||||||
|||||||||||||||||||||||||
|||||||||||||||||||||||||
|||||||||||||||||||||||||
|||||||||||||||||||||||||
|||||||||||||||||||||||||
|||||||||||||||||||||||||
|||||||||||||||||||||||||
|||||||||||||||||||||||||
|||||||||||||||||||||||||
|||||||||||||||||||||||||
|||||||||||||||||||||||||
|||||||||||||||||||||||||
|||||||||||||||||||||||||
|||||||||||||||||||||||||
|||||||||||||||||||||||||
|||||||||||||||||||||||||
|||||||||||||||||||||||||
|||||||||||||||||||||||||
|||||||||||||||||||||||||
|||||||||||||||||||||||||
|||||||||||||||||||||||||
|||||||||||||||||||||||||
|||||||||||||||||||||||||
|||||||||||||||||||||||||
|||||||||||||||||||||||||
|||||||||||||||||||||||||
|||||||||||||||||||||||||
|||||||||||||||||||||||||
|||||||||||||||||||||||||
|||||||||||||||||||||||||
|||||||||||||||||||||||||
|||||||||||||||||||||||||
|||||||||||||||||||||||||
|||||||||||||||||||||||||
|||||||||||||||||||||||||
|||||||||||||||||||||||||
|||||||||||||||||||||||||
|||||||||||||||||||||||||
|||||||||||||||||||||||||
|||||||||||||||||||||||||
|||||||||||||||||||||||||
|||||||||||||||||||||||||
|||||||||||||||||||||||||
|||||||||||||||||||||||||
|||||||||||||||||||||||||
|||||||||||||||||||||||||
|||||||||||||||||||||||||
|||||||||||||||||||||||||
|||||||||||||||||||||||||
|||||||||||||||||||||||||
|||||||||||||||||||||||||
|||||||||||||||||||||||||
|||||||||||||||||||||||||
|||||||||||||||||||||||||
|||||||||||||||||||||||||
|||||||||||||||||||||||||
|||||||||||||||||||||||||
|||||||||||||||||||||||||
|||||||||||||||||||||||||
|||||||||||||||||||||||||
|||||||||||||||||||||||||
|||||||||||||||||||||||||
|||||||||||||||||||||||||
|||||||||||||||||||||||||
|||||||||||||||||||||||||
|||||||||||||||||||||||||
|||||||||||||||||||||||||
|||||||||||||||||||||||||
|||||||||||||||||||||||||
|||||||||||||||||||||||||
|||||||||||||||||||||||||
|||||||||||||||||||||||||
|||||||||||||||||||||||||
|||||||||||||||||||||||||
|||||||||||||||||||||||||
|||||||||||||||||||||||||
|||||||||||||||||||||||||
|||||||||||||||||||||||||
|||||||||||||||||||||||||
|||||||||||||||||||||||||
|||||||||||||||||||||||||
|||||||||||||||||||||||||
|||||||||||||||||||||||||
|||||||||||||||||||||||||
|||||||||||||||||||||||||
|||||||||||||||||||||||||
|||||||||||||||||||||||||
|||||||||||||||||||||||||
|||||||||||||||||||||||||
|||||||||||||||||||||||||
|||||||||||||||||||||||||
|||||||||||||||||||||||||
|||||||||||||||||||||||||
|||||||||||||||||||||||||
|||||||||||||||||||||||||
|||||||||||||||||||||||||
|||||||||||||||||||||||||
|||||||||||||||||||||||||
|||||||||||||||||||||||||
|||||||||||||||||||||||||
|||||||||||||||||||||||||
|||||||||||||||||||||||||
|||||||||||||||||||||||||
|||||||||||||||||||||||||
|||||||||||||||||||||||||
|||||||||||||||||||||||||
|||||||||||||||||||||||||
|||||||||||||||||||||||||
|||||||||||||||||||||||||
|||||||||||||||||||||||||
|||||||||||||||||||||||||
|||||||||||||||||||||||||
|||||||||||||||||||||||||
|||||||||||||||||||||||||
|||||||||||||||||||||||||
|||||||||||||||||||||||||
|||||||||||||||||||||||||
|||||||||||||||||||||||||
|||||||||||||||||||||||||
|||||||||||||||||||||||||
|||||||||||||||||||||||||
|||||||||||||||||||||||||
|||||||||||||||||||||||||
|||||||||||||||||||||||||
|||||||||||||||||||||||||
|||||||||||||||||||||||||
|||||||||||||||||||||||||
|||||||||||||||||||||||||
|||||||||||||||||||||||||
|||||||||||||||||||||||||
|||||||||||||||||||||||||
|||||||||||||||||||||||||
|||||||||||||||||||||||||
|||||||||||||||||||||||||
|||||||||||||||||||||||||
|||||||||||||||||||||||||
|||||||||||||||||||||||||
|||||||||||||||||||||||||
|||||||||||||||||||||||||
|||||||||||||||||||||||||
|||||||||||||||||||||||||
|||||||||||||||||||||||||
|||||||||||||||||||||||||
|||||||||||||||||||||||||
|||||||||||||||||||||||||
|||||||||||||||||||||||||
|||||||||||||||||||||||||
|||||||||||||||||||||||||
|||||||||||||||||||||||||
|||||||||||||||||||||||||
|||||||||||||||||||||||||
|||||||||||||||||||||||||
|||||||||||||||||||||||||
|||||||||||||||||||||||||
|||||||||||||||||||||||||
|||||||||||||||||||||||||
|||||||||||||||||||||||||
|||||||||||||||||||||||||
|||||||||||||||||||||||||
|||||||||||||||||||||||||
|||||||||||||||||||||||||
|||||||||||||||||||||||||
|||||||||||||||||||||||||
|||||||||||||||||||||||||
|||||||||||||||||||||||||
|||||||||||||||||||||||||
|||||||||||||||||||||||||
|||||||||||||||||||||||||
|||||||||||||||||||||||||
|||||||||||||||||||||||||
|||||||||||||||||||||||||
|||||||||||||||||||||||||
|||||||||||||||||||||||||
|||||||||||||||||||||||||
|||||||||||||||||||||||||
|||||||||||||||||||||||||
|||||||||||||||||||||||||
|||||||||||||||||||||||||
|||||||||||||||||||||||||
|||||||||||||||||||||||||
|||||||||||||||||||||||||
|||||||||||||||||||||||||
|||||||||||||||||||||||||
|||||||||||||||||||||||||
|||||||||||||||||||||||||
|||||||||||||||||||||||||
|||||||||||||||||||||||||
|||||||||||||||||||||||||
|||||||||||||||||||||||||
|||||||||||||||||||||||||
|||||||||||||||||||||||||
|||||||||||||||||||||||||
|||||||||||||||||||||||||
|||||||||||||||||||||||||
|||||||||||||||||||||||||
|||||||||||||||||||||||||
|||||||||||||||||||||||||
|||||||||||||||||||||||||
|||||||||||||||||||||||||
|||||||||||||||||||||||||
|||||||||||||||||||||||||
|||||||||||||||||||||||||
|||||||||||||||||||||||||
|||||||||||||||||||||||||
|||||||||||||||||||||||||
|||||||||||||||||||||||||
|||||||||||||||||||||||||
|||||||||||||||||||||||||
|||||||||||||||||||||||||
|||||||||||||||||||||||||
|||||||||||||||||||||||||
|||||||||||||||||||||||||
|||||||||||||||||||||||||
|||||||||||||||||||||||||
|||||||||||||||||||||||||
|||||||||||||||||||||||||
|||||||||||||||||||||||||
|||||||||||||||||||||||||
|||||||||||||||||||||||||
|||||||||||||||||||||||||
|||||||||||||||||||||||||
|||||||||||||||||||||||||
|||||||||||||||||||||||||
|||||||||||||||||||||||||
|||||||||||||||||||||||||
|||||||||||||||||||||||||
|||||||||||||||||||||||||
|||||||||||||||||||||||||
|||||||||||||||||||||||||
|||||||||||||||||||||||||
|||||||||||||||||||||||||
|||||||||||||||||||||||||
|||||||||||||||||||||||||
|||||||||||||||||||||||||
|||||||||||||||||||||||||
|||||||||||||||||||||||||
|||||||||||||||||||||||||
|||||||||||||||||||||||||
|||||||||||||||||||||||||
|||||||||||||||||||||||||
|||||||||||||||||||||||||
|||||||||||||||||||||||||
|||||||||||||||||||||||||
|||||||||||||||||||||||||
|||||||||||||||||||||||||
|||||||||||||||||||||||||
|||||||||||||||||||||||||
|||||||||||||||||||||||||
|||||||||||||||||||||||||
|||||||||||||||||||||||||
|||||||||||||||||||||||||
|||||||||||||||||||||||||
|||||||||||||||||||||||||
|||||||||||||||||||||||||
|||||||||||||||||||||||||
|||||||||||||||||||||||||
|||||||||||||||||||||||||
|||||||||||||||||||||||||
|||||||||||||||||||||||||
|||||||||||||||||||||||||
|||||||||||||||||||||||||
|||||||||||||||||||||||||
|||||||||||||||||||||||||
|||||||||||||||||||||||||
|||||||||||||||||||||||||
|||||||||||||||||||||||||
|||||||||||||||||||||||||
|||||||||||||||||||||||||
|||||||||||||||||||||||||
|||||||||||||||||||||||||
|||||||||||||||||||||||||
|||||||||||||||||||||||||
|||||||||||||||||||||||||
|||||||||||||||||||||||||
|||||||||||||||||||||||||
|||||||||||||||||||||||||
|||||||||||||||||||||||||
|||||||||||||||||||||||||
|||||||||||||||||||||||||
|||||||||||||||||||||||||
|||||||||||||||||||||||||
|||||||||||||||||||||||||
|||||||||||||||||||||||||
|||||||||||||||||||||||||
|||||||||||||||||||||||||
|||||||||||||||||||||||||
|||||||||||||||||||||||||
|||||||||||||||||||||||||
|||||||||||||||||||||||||
|||||||||||||||||||||||||
|||||||||||||||||||||||||
|||||||||||||||||||||||||
|||||||||||||||||||||||||
|||||||||||||||||||||||||
|||||||||||||||||||||||||
|||||||||||||||||||||||||
|||||||||||||||||||||||||
|||||||||||||||||||||||||
|||||||||||||||||||||||||
|||||||||||||||||||||||||
|||||||||||||||||||||||||
|||||||||||||||||||||||||
|||||||||||||||||||||||||
|||||||||||||||||||||||||
|||||||||||||||||||||||||
|||||||||||||||||||||||||
|||||||||||||||||||||||||
|||||||||||||||||||||||||
|||||||||||||||||||||||||
|||||||||||||||||||||||||
|||||||||||||||||||||||||
|||||||||||||||||||||||||
|||||||||||||||||||||||||
|||||||||||||||||||||||||
|||||||||||||||||||||||||
|||||||||||||||||||||||||
|||||||||||||||||||||||||
|||||||||||||||||||||||||
|||||||||||||||||||||||||
|||||||||||||||||||||||||
|||||||||||||||||||||||||
|||||||||||||||||||||||||
|||||||||||||||||||||||||
|||||||||||||||||||||||||
|||||||||||||||||||||||||
|||||||||||||||||||||||||
|||||||||||||||||||||||||
|||||||||||||||||||||||||
|||||||||||||||||||||||||
|||||||||||||||||||||||||
|||||||||||||||||||||||||
|||||||||||||||||||||||||
|||||||||||||||||||||||||
|||||||||||||||||||||||||
|||||||||||||||||||||||||
|||||||||||||||||||||||||
|||||||||||||||||||||||||
|||||||||||||||||||||||||
|||||||||||||||||||||||||
|||||||||||||||||||||||||
|||||||||||||||||||||||||
|||||||||||||||||||||||||
|||||||||||||||||||||||||
|||||||||||||||||||||||||
|||||||||||||||||||||||||
|||||||||||||||||||||||||
|||||||||||||||||||||||||
|||||||||||||||||||||||||
|||||||||||||||||||||||||
|||||||||||||||||||||||||
|||||||||||||||||||||||||
|||||||||||||||||||||||||
|||||||||||||||||||||||||
|||||||||||||||||||||||||
|||||||||||||||||||||||||
|||||||||||||||||||||||||
|||||||||||||||||||||||||
|||||||||||||||||||||||||
|||||||||||||||||||||||||
|||||||||||||||||||||||||
|||||||||||||||||||||||||
|||||||||||||||||||||||||
|||||||||||||||||||||||||
|||||||||||||||||||||||||
|||||||||||||||||||||||||
|||||||||||||||||||||||||
|||||||||||||||||||||||||
|||||||||||||||||||||||||
|||||||||||||||||||||||||
|||||||||||||||||||||||||
|||||||||||||||||||||||||
|||||||||||||||||||||||||
|||||||||||||||||||||||||
|||||||||||||||||||||||||
|||||||||||||||||||||||||
|||||||||||||||||||||||||
|||||||||||||||||||||||||
|||||||||||||||||||||||||
|||||||||||||||||||||||||
|||||||||||||||||||||||||
|||||||||||||||||||||||||
|||||||||||||||||||||||||
|||||||||||||||||||||||||
|||||||||||||||||||||||||
|||||||||||||||||||||||||
|||||||||||||||||||||||||
|||||||||||||||||||||||||
|||||||||||||||||||||||||
|||||||||||||||||||||||||
|||||||||||||||||||||||||
|||||||||||||||||||||||||
|||||||||||||||||||||||||
|||||||||||||||||||||||||
|||||||||||||||||||||||||
|||||||||||||||||||||||||
|||||||||||||||||||||||||
|||||||||||||||||||||||||
|||||||||||||||||||||||||
|||||||||||||||||||||||||
|||||||||||||||||||||||||
|||||||||||||||||||||||||
|||||||||||||||||||||||||
|||||||||||||||||||||||||
|||||||||||||||||||||||||
|||||||||||||||||||||||||
|||||||||||||||||||||||||
|||||||||||||||||||||||||
|||||||||||||||||||||||||
|||||||||||||||||||||||||
|||||||||||||||||||||||||
|||||||||||||||||||||||||
|||||||||||||||||||||||||
|||||||||||||||||||||||||
|||||||||||||||||||||||||
|||||||||||||||||||||||||
|||||||||||||||||||||||||
|||||||||||||||||||||||||
|||||||||||||||||||||||||
|||||||||||||||||||||||||
|||||||||||||||||||||||||
|||||||||||||||||||||||||
|||||||||||||||||||||||||
|||||||||||||||||||||||||
|||||||||||||||||||||||||
|||||||||||||||||||||||||
|||||||||||||||||||||||||
|||||||||||||||||||||||||
|||||||||||||||||||||||||
|||||||||||||||||||||||||
|||||||||||||||||||||||||
|||||||||||||||||||||||||
|||||||||||||||||||||||||
|||||||||||||||||||||||||
|||||||||||||||||||||||||
|||||||||||||||||||||||||
|||||||||||||||||||||||||
|||||||||||||||||||||||||
|||||||||||||||||||||||||
|||||||||||||||||||||||||
|||||||||||||||||||||||||
|||||||||||||||||||||||||
|||||||||||||||||||||||||
|||||||||||||||||||||||||
|||||||||||||||||||||||||
|||||||||||||||||||||||||
|||||||||||||||||||||||||
|||||||||||||||||||||||||
|||||||||||||||||||||||||
|||||||||||||||||||||||||
|||||||||||||||||||||||||
|||||||||||||||||||||||||
|||||||||||||||||||||||||
|||||||||||||||||||||||||
|||||||||||||||||||||||||
|||||||||||||||||||||||||
|||||||||||||||||||||||||
|||||||||||||||||||||||||
|||||||||||||||||||||||||
|||||||||||||||||||||||||
|||||||||||||||||||||||||
|||||||||||||||||||||||||
|||||||||||||||||||||||||
|||||||||||||||||||||||||
|||||||||||||||||||||||||
|||||||||||||||||||||||||
|||||||||||||||||||||||||
|||||||||||||||||||||||||
|||||||||||||||||||||||||
|||||||||||||||||||||||||
|||||||||||||||||||||||||
|||||||||||||||||||||||||
|||||||||||||||||||||||||
|||||||||||||||||||||||||
|||||||||||||||||||||||||
|||||||||||||||||||||||||
|||||||||||||||||||||||||
|||||||||||||||||||||||||
|||||||||||||||||||||||||
|||||||||||||||||||||||||
|||||||||||||||||||||||||
|||||||||||||||||||||||||
|||||||||||||||||||||||||
|||||||||||||||||||||||||
|||||||||||||||||||||||||
|||||||||||||||||||||||||
|||||||||||||||||||||||||
|||||||||||||||||||||||||
|||||||||||||||||||||||||
|||||||||||||||||||||||||
|||||||||||||||||||||||||
|||||||||||||||||||||||||
|||||||||||||||||||||||||
|||||||||||||||||||||||||
|||||||||||||||||||||||||
|||||||||||||||||||||||||
|||||||||||||||||||||||||
|||||||||||||||||||||||||
|||||||||||||||||||||||||
|||||||||||||||||||||||||
|||||||||||||||||||||||||
|||||||||||||||||||||||||
|||||||||||||||||||||||||
|||||||||||||||||||||||||
|||||||||||||||||||||||||
|||||||||||||||||||||||||
|||||||||||||||||||||||||
|||||||||||||||||||||||||
|||||||||||||||||||||||||
|||||||||||||||||||||||||
|||||||||||||||||||||||||
|||||||||||||||||||||||||
|||||||||||||||||||||||||
|||||||||||||||||||||||||
|||||||||||||||||||||||||
|||||||||||||||||||||||||
|||||||||||||||||||||||||
|||||||||||||||||||||||||
|||||||||||||||||||||||||
|||||||||||||||||||||||||
|||||||||||||||||||||||||
|||||||||||||||||||||||||
|||||||||||||||||||||||||
|||||||||||||||||||||||||
|||||||||||||||||||||||||
|||||||||||||||||||||||||
|||||||||||||||||||||||||
|||||||||||||||||||||||||
|||||||||||||||||||||||||
|||||||||||||||||||||||||
|||||||||||||||||||||||||
|||||||||||||||||||||||||
|||||||||||||||||||||||||
|||||||||||||||||||||||||
|||||||||||||||||||||||||
|||||||||||||||||||||||||
|||||||||||||||||||||||||
|||||||||||||||||||||||||
|||||||||||||||||||||||||
|||||||||||||||||||||||||
|||||||||||||||||||||||||
|||||||||||||||||||||||||
|||||||||||||||||||||||||
|||||||||||||||||||||||||
|||||||||||||||||||||||||
|||||||||||||||||||||||||
|||||||||||||||||||||||||
|||||||||||||||||||||||||
|||||||||||||||||||||||||
|||||||||||||||||||||||||
|||||||||||||||||||||||||
|||||||||||||||||||||||||
|||||||||||||||||||||||||
|||||||||||||||||||||||||
|||||||||||||||||||||||||
|||||||||||||||||||||||||
|||||||||||||||||||||||||
|||||||||||||||||||||||||
|||||||||||||||||||||||||
|||||||||||||||||||||||||
|||||||||||||||||||||||||
|||||||||||||||||||||||||
|||||||||||||||||||||||||
|||||||||||||||||||||||||
|||||||||||||||||||||||||
|||||||||||||||||||||||||
|||||||||||||||||||||||||
|||||||||||||||||||||||||
|||||||||||||||||||||||||
|||||||||||||||||||||||||
|||||||||||||||||||||||||
|||||||||||||||||||||||||
|||||||||||||||||||||||||
|||||||||||||||||||||||||
|||||||||||||||||||||||||
|||||||||||||||||||||||||
|||||||||||||||||||||||||
|||||||||||||||||||||||||
|||||||||||||||||||||||||
|||||||||||||||||||||||||
|||||||||||||||||||||||||
|||||||||||||||||||||||||
|||||||||||||||||||||||||
|||||||||||||||||||||||||
|||||||||||||||||||||||||
|||||||||||||||||||||||||
|||||||||||||||||||||||||
|||||||||||||||||||||||||
|||||||||||||||||||||||||
|||||||||||||||||||||||||
|||||||||||||||||||||||||
|||||||||||||||||||||||||
|||||||||||||||||||||||||
|||||||||||||||||||||||||
|||||||||||||||||||||||||
|||||||||||||||||||||||||
|||||||||||||||||||||||||
|||||||||||||||||||||||||
|||||||||||||||||||||||||
|||||||||||||||||||||||||
|||||||||||||||||||||||||
|||||||||||||||||||||||||
|||||||||||||||||||||||||
|||||||||||||||||||||||||
|||||||||||||||||||||||||
|||||||||||||||||||||||||
|||||||||||||||||||||||||
|||||||||||||||||||||||||
|||||||||||||||||||||||||
|||||||||||||||||||||||||
|||||||||||||||||||||||||
|||||||||||||||||||||||||
|||||||||||||||||||||||||
|||||||||||||||||||||||||
|||||||||||||||||||||||||
|||||||||||||||||||||||||
|||||||||||||||||||||||||
|||||||||||||||||||||||||
|||||||||||||||||||||||||
|||||||||||||||||||||||||
|||||||||||||||||||||||||
|||||||||||||||||||||||||
|||||||||||||||||||||||||
|||||||||||||||||||||||||
|||||||||||||||||||||||||
|||||||||||||||||||||||||
|||||||||||||||||||||||||
|||||||||||||||||||||||||
|||||||||||||||||||||||||
|||||||||||||||||||||||||
|||||||||||||||||||||||||
|||||||||||||||||||||||||
|||||||||||||||||||||||||
|||||||||||||||||||||||||
|||||||||||||||||||||||||
|||||||||||||||||||||||||
|||||||||||||||||||||||||
|||||||||||||||||||||||||
|||||||||||||||||||||||||
|||||||||||||||||||||||||
|||||||||||||||||||||||||
|||||||||||||||||||||||||
|||||||||||||||||||||||||
|||||||||||||||||||||||||
|||||||||||||||||||||||||
|||||||||||||||||||||||||
|||||||||||||||||||||||||
|||||||||||||||||||||||||
|||||||||||||||||||||||||
|||||||||||||||||||||||||
|||||||||||||||||||||||||
|||||||||||||||||||||||||
|||||||||||||||||||||||||
|||||||||||||||||||||||||
|||||||||||||||||||||||||
|||||||||||||||||||||||||
|||||||||||||||||||||||||
|||||||||||||||||||||||||
|||||||||||||||||||||||||
|||||||||||||||||||||||||
|||||||||||||||||||||||||
|||||||||||||||||||||||||
|||||||||||||||||||||||||
|||||||||||||||||||||||||
|||||||||||||||||||||||||
|||||||||||||||||||||||||
|||||||||||||||||||||||||
|||||||||||||||||||||||||
|||||||||||||||||||||||||
|||||||||||||||||||||||||
|||||||||||||||||||||||||
|||||||||||||||||||||||||
|||||||||||||||||||||||||
|||||||||||||||||||||||||
|||||||||||||||||||||||||
|||||||||||||||||||||||||
|||||||||||||||||||||||||
|||||||||||||||||||||||||
|||||||||||||||||||||||||
|||||||||||||||||||||||||
|||||||||||||||||||||||||
|||||||||||||||||||||||||
|||||||||||||||||||||||||
|||||||||||||||||||||||||
|||||||||||||||||||||||||
|||||||||||||||||||||||||
|||||||||||||||||||||||||
|||||||||||||||||||||||||
|||||||||||||||||||||||||
|||||||||||||||||||||||||
|||||||||||||||||||||||||
|||||||||||||||||||||||||
|||||||||||||||||||||||||
|||||||||||||||||||||||||
|||||||||||||||||||||||||
|||||||||||||||||||||||||
|||||||||||||||||||||||||
|||||||||||||||||||||||||
|||||||||||||||||||||||||
|||||||||||||||||||||||||
|||||||||||||||||||||||||
|||||||||||||||||||||||||
|||||||||||||||||||||||||
|||||||||||||||||||||||||
|||||||||||||||||||||||||
|||||||||||||||||||||||||
|||||||||||||||||||||||||
|||||||||||||||||||||||||
|||||||||||||||||||||||||
|||||||||||||||||||||||||
|||||||||||||||||||||||||
|||||||||||||||||||||||||
|||||||||||||||||||||||||
|||||||||||||||||||||||||
|||||||||||||||||||||||||
|||||||||||||||||||||||||
|||||||||||||||||||||||||
|||||||||||||||||||||||||
|||||||||||||||||||||||||
|||||||||||||||||||||||||
|||||||||||||||||||||||||
|||||||||||||||||||||||||
|||||||||||||||||||||||||
|||||||||||||||||||||||||
|||||||||||||||||||||||||
|||||||||||||||||||||||||
|||||||||||||||||||||||||
|||||||||||||||||||||||||
|||||||||||||||||||||||||
|||||||||||||||||||||||||
|||||||||||||||||||||||||
|||||||||||||||||||||||||
|||||||||||||||||||||||||
|||||||||||||||||||||||||
|||||||||||||||||||||||||
|||||||||||||||||||||||||
|||||||||||||||||||||||||
|||||||||||||||||||||||||
|||||||||||||||||||||||||
|||||||||||||||||||||||||
|||||||||||||||||||||||||
|||||||||||||||||||||||||
|||||||||||||||||||||||||
|||||||||||||||||||||||||
|||||||||||||||||||||||||
|||||||||||||||||||||||||
|||||||||||||||||||||||||
|||||||||||||||||||||||||
|||||||||||||||||||||||||
|||||||||||||||||||||||||
|||||||||||||||||||||||||
|||||||||||||||||||||||||
|||||||||||||||||||||||||
|||||||||||||||||||||||||
|||||||||||||||||||||||||
|||||||||||||||||||||||||
|||||||||||||||||||||||||
|||||||||||||||||||||||||
|||||||||||||||||||||||||
|||||||||||||||||||||||||
|||||||||||||||||||||||||
|||||||||||||||||||||||||
|||||||||||||||||||||||||
|||||||||||||||||||||||||
|||||||||||||||||||||||||
|||||||||||||||||||||||||
|||||||||||||||||||||||||
|||||||||||||||||||||||||
|||||||||||||||||||||||||
|||||||||||||||||||||||||
|||||||||||||||||||||||||
|||||||||||||||||||||||||
|||||||||||||||||||||||||
|||||||||||||||||||||||||
|||||||||||||||||||||||||
|||||||||||||||||||||||||
|||||||||||||||||||||||||
|||||||||||||||||||||||||
|||||||||||||||||||||||||
|||||||||||||||||||||||||
|||||||||||||||||||||||||
|||||||||||||||||||||||||
|||||||||||||||||||||||||
|||||||||||||||||||||||||
|||||||||||||||||||||||||
|||||||||||||||||||||||||
|||||||||||||||||||||||||
|||||||||||||||||||||||||
|||||||||||||||||||||||||
|||||||||||||||||||||||||
|||||||||||||||||||||||||
|||||||||||||||||||||||||
|||||||||||||||||||||||||
|||||||||||||||||||||||||
|||||||||||||||||||||||||
|||||||||||||||||||||||||
|||||||||||||||||||||||||
|||||||||||||||||||||||||
|||||||||||||||||||||||||
|||||||||||||||||||||||||
|||||||||||||||||||||||||
|||||||||||||||||||||||||
|||||||||||||||||||||||||
|||||||||||||||||||||||||
|||||||||||||||||||||||||
|||||||||||||||||||||||||
|||||||||||||||||||||||||
|||||||||||||||||||||||||
|||||||||||||||||||||||||
|||||||||||||||||||||||||
|||||||||||||||||||||||||
|||||||||||||||||||||||||
